{
  "type": "GROUP",
"name": "All Requests",
"path": "",
"pathFormatted": "group_missing-name--1146707516",
"stats": {
    "name": "All Requests",
    "numberOfRequests": {
        "total": 68416,
        "ok": 68332,
        "ko": 84
    },
    "minResponseTime": {
        "total": 3,
        "ok": 3,
        "ko": 60001
    },
    "maxResponseTime": {
        "total": 79841,
        "ok": 79752,
        "ko": 79841
    },
    "meanResponseTime": {
        "total": 9620,
        "ok": 9550,
        "ko": 66323
    },
    "standardDeviation": {
        "total": 16979,
        "ok": 16871,
        "ko": 6620
    },
    "percentiles1": {
        "total": 415,
        "ok": 412,
        "ko": 64485
    },
    "percentiles2": {
        "total": 11214,
        "ok": 11152,
        "ko": 70797
    },
    "percentiles3": {
        "total": 53054,
        "ok": 52939,
        "ko": 79839
    },
    "percentiles4": {
        "total": 67753,
        "ok": 67383,
        "ko": 79839
    },
    "group1": {
    "name": "t < 800 ms",
    "htmlName": "t < 800 ms",
    "count": 36865,
    "percentage": 53.883594480823206
},
    "group2": {
    "name": "800 ms <= t < 1200 ms",
    "htmlName": "t >= 800 ms <br> t < 1200 ms",
    "count": 1079,
    "percentage": 1.5771164639850326
},
    "group3": {
    "name": "t >= 1200 ms",
    "htmlName": "t >= 1200 ms",
    "count": 30388,
    "percentage": 44.41651075771749
},
    "group4": {
    "name": "failed",
    "htmlName": "failed",
    "count": 84,
    "percentage": 0.12277829747427502
},
    "meanNumberOfRequestsPerSecond": {
        "total": 207.95136778115503,
        "ok": 207.69604863221883,
        "ko": 0.2553191489361702
    }
},
"contents": {
"req_busca-inva-lida--962372404": {
        "type": "REQUEST",
        "name": "busca inválida",
"path": "busca inválida",
"pathFormatted": "req_busca-inva-lida--962372404",
"stats": {
    "name": "busca inválida",
    "numberOfRequests": {
        "total": 4190,
        "ok": 4189,
        "ko": 1
    },
    "minResponseTime": {
        "total": 4,
        "ok": 4,
        "ko": 77108
    },
    "maxResponseTime": {
        "total": 79646,
        "ok": 79646,
        "ko": 77108
    },
    "meanResponseTime": {
        "total": 9525,
        "ok": 9509,
        "ko": 77108
    },
    "standardDeviation": {
        "total": 18051,
        "ok": 18023,
        "ko": 0
    },
    "percentiles1": {
        "total": 158,
        "ok": 158,
        "ko": 77108
    },
    "percentiles2": {
        "total": 8391,
        "ok": 8374,
        "ko": 77108
    },
    "percentiles3": {
        "total": 55173,
        "ok": 55138,
        "ko": 77108
    },
    "percentiles4": {
        "total": 70590,
        "ok": 70172,
        "ko": 77108
    },
    "group1": {
    "name": "t < 800 ms",
    "htmlName": "t < 800 ms",
    "count": 2455,
    "percentage": 58.591885441527445
},
    "group2": {
    "name": "800 ms <= t < 1200 ms",
    "htmlName": "t >= 800 ms <br> t < 1200 ms",
    "count": 58,
    "percentage": 1.3842482100238664
},
    "group3": {
    "name": "t >= 1200 ms",
    "htmlName": "t >= 1200 ms",
    "count": 1676,
    "percentage": 40.0
},
    "group4": {
    "name": "failed",
    "htmlName": "failed",
    "count": 1,
    "percentage": 0.02386634844868735
},
    "meanNumberOfRequestsPerSecond": {
        "total": 12.735562310030396,
        "ok": 12.732522796352583,
        "ko": 0.00303951367781155
    }
}
    },"req_busca-va-lida--519677977": {
        "type": "REQUEST",
        "name": "busca válida",
"path": "busca válida",
"pathFormatted": "req_busca-va-lida--519677977",
"stats": {
    "name": "busca válida",
    "numberOfRequests": {
        "total": 9590,
        "ok": 9532,
        "ko": 58
    },
    "minResponseTime": {
        "total": 5,
        "ok": 5,
        "ko": 60001
    },
    "maxResponseTime": {
        "total": 79839,
        "ok": 79306,
        "ko": 79839
    },
    "meanResponseTime": {
        "total": 9499,
        "ok": 9157,
        "ko": 65636
    },
    "standardDeviation": {
        "total": 16890,
        "ok": 16353,
        "ko": 6863
    },
    "percentiles1": {
        "total": 377,
        "ok": 362,
        "ko": 62655
    },
    "percentiles2": {
        "total": 11035,
        "ok": 10721,
        "ko": 75059
    },
    "percentiles3": {
        "total": 52793,
        "ok": 51610,
        "ko": 77108
    },
    "percentiles4": {
        "total": 66847,
        "ok": 66278,
        "ko": 79839
    },
    "group1": {
    "name": "t < 800 ms",
    "htmlName": "t < 800 ms",
    "count": 5302,
    "percentage": 55.286757038581854
},
    "group2": {
    "name": "800 ms <= t < 1200 ms",
    "htmlName": "t >= 800 ms <br> t < 1200 ms",
    "count": 141,
    "percentage": 1.470281543274244
},
    "group3": {
    "name": "t >= 1200 ms",
    "htmlName": "t >= 1200 ms",
    "count": 4089,
    "percentage": 42.63816475495308
},
    "group4": {
    "name": "failed",
    "htmlName": "failed",
    "count": 58,
    "percentage": 0.6047966631908238
},
    "meanNumberOfRequestsPerSecond": {
        "total": 29.148936170212767,
        "ok": 28.972644376899694,
        "ko": 0.1762917933130699
    }
}
    },"req_criac-a-o-1032362988": {
        "type": "REQUEST",
        "name": "criação",
"path": "criação",
"pathFormatted": "req_criac-a-o-1032362988",
"stats": {
    "name": "criação",
    "numberOfRequests": {
        "total": 54636,
        "ok": 54611,
        "ko": 25
    },
    "minResponseTime": {
        "total": 3,
        "ok": 3,
        "ko": 64420
    },
    "maxResponseTime": {
        "total": 79841,
        "ok": 79752,
        "ko": 79841
    },
    "meanResponseTime": {
        "total": 9649,
        "ok": 9622,
        "ko": 67486
    },
    "standardDeviation": {
        "total": 16910,
        "ok": 16868,
        "ko": 5557
    },
    "percentiles1": {
        "total": 450,
        "ok": 456,
        "ko": 64485
    },
    "percentiles2": {
        "total": 11410,
        "ok": 11368,
        "ko": 66746
    },
    "percentiles3": {
        "total": 53010,
        "ok": 52962,
        "ko": 79839
    },
    "percentiles4": {
        "total": 67545,
        "ok": 67369,
        "ko": 79841
    },
    "group1": {
    "name": "t < 800 ms",
    "htmlName": "t < 800 ms",
    "count": 29108,
    "percentage": 53.276228127974235
},
    "group2": {
    "name": "800 ms <= t < 1200 ms",
    "htmlName": "t >= 800 ms <br> t < 1200 ms",
    "count": 880,
    "percentage": 1.6106596383336995
},
    "group3": {
    "name": "t >= 1200 ms",
    "htmlName": "t >= 1200 ms",
    "count": 24623,
    "percentage": 45.06735485760305
},
    "group4": {
    "name": "failed",
    "htmlName": "failed",
    "count": 25,
    "percentage": 0.04575737608902555
},
    "meanNumberOfRequestsPerSecond": {
        "total": 166.06686930091186,
        "ok": 165.99088145896656,
        "ko": 0.07598784194528875
    }
}
    }
}

}