{
  "type": "GROUP",
"name": "All Requests",
"path": "",
"pathFormatted": "group_missing-name--1146707516",
"stats": {
    "name": "All Requests",
    "numberOfRequests": {
        "total": 68415,
        "ok": 19797,
        "ko": 48618
    },
    "minResponseTime": {
        "total": 4,
        "ok": 6,
        "ko": 4
    },
    "maxResponseTime": {
        "total": 81931,
        "ok": 80156,
        "ko": 81931
    },
    "meanResponseTime": {
        "total": 9251,
        "ok": 9720,
        "ko": 9059
    },
    "standardDeviation": {
        "total": 14982,
        "ok": 14022,
        "ko": 15351
    },
    "percentiles1": {
        "total": 3592,
        "ok": 4617,
        "ko": 2508
    },
    "percentiles2": {
        "total": 9505,
        "ok": 10313,
        "ko": 9039
    },
    "percentiles3": {
        "total": 44030,
        "ok": 42707,
        "ko": 45701
    },
    "percentiles4": {
        "total": 70126,
        "ok": 64943,
        "ko": 70849
    },
    "group1": {
    "name": "t < 800 ms",
    "htmlName": "t < 800 ms",
    "count": 4414,
    "percentage": 6.451801505517796
},
    "group2": {
    "name": "800 ms <= t < 1200 ms",
    "htmlName": "t >= 800 ms <br> t < 1200 ms",
    "count": 1444,
    "percentage": 2.110648249652854
},
    "group3": {
    "name": "t >= 1200 ms",
    "htmlName": "t >= 1200 ms",
    "count": 13939,
    "percentage": 20.374186947306878
},
    "group4": {
    "name": "failed",
    "htmlName": "failed",
    "count": 48618,
    "percentage": 71.06336329752247
},
    "meanNumberOfRequestsPerSecond": {
        "total": 210.5076923076923,
        "ok": 60.91384615384615,
        "ko": 149.59384615384616
    }
},
"contents": {
"req_busca-inva-lida--962372404": {
        "type": "REQUEST",
        "name": "busca inválida",
"path": "busca inválida",
"pathFormatted": "req_busca-inva-lida--962372404",
"stats": {
    "name": "busca inválida",
    "numberOfRequests": {
        "total": 4190,
        "ok": 1527,
        "ko": 2663
    },
    "minResponseTime": {
        "total": 5,
        "ok": 6,
        "ko": 5
    },
    "maxResponseTime": {
        "total": 80155,
        "ok": 77012,
        "ko": 80155
    },
    "meanResponseTime": {
        "total": 8596,
        "ok": 8857,
        "ko": 8446
    },
    "standardDeviation": {
        "total": 15810,
        "ok": 15403,
        "ko": 16036
    },
    "percentiles1": {
        "total": 1034,
        "ok": 908,
        "ko": 1190
    },
    "percentiles2": {
        "total": 8146,
        "ok": 9216,
        "ko": 7435
    },
    "percentiles3": {
        "total": 48959,
        "ok": 47385,
        "ko": 49065
    },
    "percentiles4": {
        "total": 70180,
        "ok": 65932,
        "ko": 71095
    },
    "group1": {
    "name": "t < 800 ms",
    "htmlName": "t < 800 ms",
    "count": 728,
    "percentage": 17.37470167064439
},
    "group2": {
    "name": "800 ms <= t < 1200 ms",
    "htmlName": "t >= 800 ms <br> t < 1200 ms",
    "count": 104,
    "percentage": 2.4821002386634845
},
    "group3": {
    "name": "t >= 1200 ms",
    "htmlName": "t >= 1200 ms",
    "count": 695,
    "percentage": 16.58711217183771
},
    "group4": {
    "name": "failed",
    "htmlName": "failed",
    "count": 2663,
    "percentage": 63.55608591885441
},
    "meanNumberOfRequestsPerSecond": {
        "total": 12.892307692307693,
        "ok": 4.6984615384615385,
        "ko": 8.193846153846154
    }
}
    },"req_busca-va-lida--519677977": {
        "type": "REQUEST",
        "name": "busca válida",
"path": "busca válida",
"pathFormatted": "req_busca-va-lida--519677977",
"stats": {
    "name": "busca válida",
    "numberOfRequests": {
        "total": 9590,
        "ok": 2745,
        "ko": 6845
    },
    "minResponseTime": {
        "total": 5,
        "ok": 10,
        "ko": 5
    },
    "maxResponseTime": {
        "total": 80220,
        "ok": 78987,
        "ko": 80220
    },
    "meanResponseTime": {
        "total": 9137,
        "ok": 9737,
        "ko": 8897
    },
    "standardDeviation": {
        "total": 14855,
        "ok": 13656,
        "ko": 15302
    },
    "percentiles1": {
        "total": 3677,
        "ok": 4693,
        "ko": 2390
    },
    "percentiles2": {
        "total": 9072,
        "ok": 10239,
        "ko": 8886
    },
    "percentiles3": {
        "total": 43999,
        "ok": 42531,
        "ko": 45270
    },
    "percentiles4": {
        "total": 70020,
        "ok": 64069,
        "ko": 70849
    },
    "group1": {
    "name": "t < 800 ms",
    "htmlName": "t < 800 ms",
    "count": 508,
    "percentage": 5.297184567257561
},
    "group2": {
    "name": "800 ms <= t < 1200 ms",
    "htmlName": "t >= 800 ms <br> t < 1200 ms",
    "count": 215,
    "percentage": 2.2419186652763297
},
    "group3": {
    "name": "t >= 1200 ms",
    "htmlName": "t >= 1200 ms",
    "count": 2022,
    "percentage": 21.0844629822732
},
    "group4": {
    "name": "failed",
    "htmlName": "failed",
    "count": 6845,
    "percentage": 71.3764337851929
},
    "meanNumberOfRequestsPerSecond": {
        "total": 29.50769230769231,
        "ok": 8.446153846153846,
        "ko": 21.06153846153846
    }
}
    },"req_criac-a-o-1032362988": {
        "type": "REQUEST",
        "name": "criação",
"path": "criação",
"pathFormatted": "req_criac-a-o-1032362988",
"stats": {
    "name": "criação",
    "numberOfRequests": {
        "total": 54635,
        "ok": 15525,
        "ko": 39110
    },
    "minResponseTime": {
        "total": 4,
        "ok": 6,
        "ko": 4
    },
    "maxResponseTime": {
        "total": 81931,
        "ok": 80156,
        "ko": 81931
    },
    "meanResponseTime": {
        "total": 9321,
        "ok": 9802,
        "ko": 9130
    },
    "standardDeviation": {
        "total": 14938,
        "ok": 13941,
        "ko": 15311
    },
    "percentiles1": {
        "total": 3799,
        "ok": 4711,
        "ko": 2666
    },
    "percentiles2": {
        "total": 9743,
        "ok": 10462,
        "ko": 9153
    },
    "percentiles3": {
        "total": 43876,
        "ok": 42111,
        "ko": 45047
    },
    "percentiles4": {
        "total": 70128,
        "ok": 64913,
        "ko": 70854
    },
    "group1": {
    "name": "t < 800 ms",
    "htmlName": "t < 800 ms",
    "count": 3178,
    "percentage": 5.8167841127482385
},
    "group2": {
    "name": "800 ms <= t < 1200 ms",
    "htmlName": "t >= 800 ms <br> t < 1200 ms",
    "count": 1125,
    "percentage": 2.0591196119703485
},
    "group3": {
    "name": "t >= 1200 ms",
    "htmlName": "t >= 1200 ms",
    "count": 11222,
    "percentage": 20.539946920472225
},
    "group4": {
    "name": "failed",
    "htmlName": "failed",
    "count": 39110,
    "percentage": 71.58414935480918
},
    "meanNumberOfRequestsPerSecond": {
        "total": 168.1076923076923,
        "ok": 47.76923076923077,
        "ko": 120.33846153846154
    }
}
    }
}

}