{
  "type": "GROUP",
"name": "All Requests",
"path": "",
"pathFormatted": "group_missing-name--1146707516",
"stats": {
    "name": "All Requests",
    "numberOfRequests": {
        "total": 68414,
        "ok": 18841,
        "ko": 49573
    },
    "minResponseTime": {
        "total": 3,
        "ok": 7,
        "ko": 3
    },
    "maxResponseTime": {
        "total": 35991,
        "ok": 35991,
        "ko": 96
    },
    "meanResponseTime": {
        "total": 7045,
        "ok": 25559,
        "ko": 8
    },
    "standardDeviation": {
        "total": 12226,
        "ok": 8348,
        "ko": 5
    },
    "percentiles1": {
        "total": 8,
        "ok": 28046,
        "ko": 7
    },
    "percentiles2": {
        "total": 13132,
        "ok": 31976,
        "ko": 8
    },
    "percentiles3": {
        "total": 32897,
        "ok": 34337,
        "ko": 14
    },
    "percentiles4": {
        "total": 34756,
        "ok": 35371,
        "ko": 32
    },
    "group1": {
    "name": "t < 800 ms",
    "htmlName": "t < 800 ms",
    "count": 435,
    "percentage": 0.6358347706609758
},
    "group2": {
    "name": "800 ms <= t < 1200 ms",
    "htmlName": "t >= 800 ms <br> t < 1200 ms",
    "count": 51,
    "percentage": 0.07454614552576957
},
    "group3": {
    "name": "t >= 1200 ms",
    "htmlName": "t >= 1200 ms",
    "count": 18355,
    "percentage": 26.829303943637267
},
    "group4": {
    "name": "failed",
    "htmlName": "failed",
    "count": 49573,
    "percentage": 72.460315140176
},
    "meanNumberOfRequestsPerSecond": {
        "total": 270.4110671936759,
        "ok": 74.4703557312253,
        "ko": 195.9407114624506
    }
},
"contents": {
"req_busca-inva-lida--962372404": {
        "type": "REQUEST",
        "name": "busca inválida",
"path": "busca inválida",
"pathFormatted": "req_busca-inva-lida--962372404",
"stats": {
    "name": "busca inválida",
    "numberOfRequests": {
        "total": 4190,
        "ok": 1380,
        "ko": 2810
    },
    "minResponseTime": {
        "total": 3,
        "ok": 7,
        "ko": 3
    },
    "maxResponseTime": {
        "total": 35921,
        "ok": 35921,
        "ko": 57
    },
    "meanResponseTime": {
        "total": 7715,
        "ok": 23408,
        "ko": 8
    },
    "standardDeviation": {
        "total": 12546,
        "ok": 10522,
        "ko": 5
    },
    "percentiles1": {
        "total": 8,
        "ok": 27271,
        "ko": 6
    },
    "percentiles2": {
        "total": 18192,
        "ok": 31883,
        "ko": 8
    },
    "percentiles3": {
        "total": 33487,
        "ok": 34532,
        "ko": 14
    },
    "percentiles4": {
        "total": 34908,
        "ok": 35369,
        "ko": 33
    },
    "group1": {
    "name": "t < 800 ms",
    "htmlName": "t < 800 ms",
    "count": 100,
    "percentage": 2.386634844868735
},
    "group2": {
    "name": "800 ms <= t < 1200 ms",
    "htmlName": "t >= 800 ms <br> t < 1200 ms",
    "count": 7,
    "percentage": 0.16706443914081145
},
    "group3": {
    "name": "t >= 1200 ms",
    "htmlName": "t >= 1200 ms",
    "count": 1273,
    "percentage": 30.381861575179
},
    "group4": {
    "name": "failed",
    "htmlName": "failed",
    "count": 2810,
    "percentage": 67.06443914081146
},
    "meanNumberOfRequestsPerSecond": {
        "total": 16.561264822134387,
        "ok": 5.454545454545454,
        "ko": 11.106719367588934
    }
}
    },"req_busca-va-lida--519677977": {
        "type": "REQUEST",
        "name": "busca válida",
"path": "busca válida",
"pathFormatted": "req_busca-va-lida--519677977",
"stats": {
    "name": "busca válida",
    "numberOfRequests": {
        "total": 9590,
        "ok": 2806,
        "ko": 6784
    },
    "minResponseTime": {
        "total": 3,
        "ok": 10,
        "ko": 3
    },
    "maxResponseTime": {
        "total": 35980,
        "ok": 35980,
        "ko": 96
    },
    "meanResponseTime": {
        "total": 7314,
        "ok": 24978,
        "ko": 8
    },
    "standardDeviation": {
        "total": 12405,
        "ok": 9213,
        "ko": 5
    },
    "percentiles1": {
        "total": 8,
        "ok": 27905,
        "ko": 7
    },
    "percentiles2": {
        "total": 16434,
        "ok": 32150,
        "ko": 8
    },
    "percentiles3": {
        "total": 33297,
        "ok": 34629,
        "ko": 14
    },
    "percentiles4": {
        "total": 34947,
        "ok": 35395,
        "ko": 33
    },
    "group1": {
    "name": "t < 800 ms",
    "htmlName": "t < 800 ms",
    "count": 108,
    "percentage": 1.1261730969760166
},
    "group2": {
    "name": "800 ms <= t < 1200 ms",
    "htmlName": "t >= 800 ms <br> t < 1200 ms",
    "count": 10,
    "percentage": 0.10427528675703858
},
    "group3": {
    "name": "t >= 1200 ms",
    "htmlName": "t >= 1200 ms",
    "count": 2688,
    "percentage": 28.029197080291972
},
    "group4": {
    "name": "failed",
    "htmlName": "failed",
    "count": 6784,
    "percentage": 70.74035453597497
},
    "meanNumberOfRequestsPerSecond": {
        "total": 37.905138339920946,
        "ok": 11.090909090909092,
        "ko": 26.81422924901186
    }
}
    },"req_criac-a-o-1032362988": {
        "type": "REQUEST",
        "name": "criação",
"path": "criação",
"pathFormatted": "req_criac-a-o-1032362988",
"stats": {
    "name": "criação",
    "numberOfRequests": {
        "total": 54634,
        "ok": 14655,
        "ko": 39979
    },
    "minResponseTime": {
        "total": 3,
        "ok": 8,
        "ko": 3
    },
    "maxResponseTime": {
        "total": 35991,
        "ok": 35991,
        "ko": 72
    },
    "meanResponseTime": {
        "total": 6946,
        "ok": 25873,
        "ko": 8
    },
    "standardDeviation": {
        "total": 12167,
        "ok": 7894,
        "ko": 5
    },
    "percentiles1": {
        "total": 8,
        "ok": 28176,
        "ko": 7
    },
    "percentiles2": {
        "total": 11084,
        "ok": 31959,
        "ko": 8
    },
    "percentiles3": {
        "total": 32780,
        "ok": 34278,
        "ko": 14
    },
    "percentiles4": {
        "total": 34660,
        "ok": 35367,
        "ko": 32
    },
    "group1": {
    "name": "t < 800 ms",
    "htmlName": "t < 800 ms",
    "count": 227,
    "percentage": 0.4154921843540652
},
    "group2": {
    "name": "800 ms <= t < 1200 ms",
    "htmlName": "t >= 800 ms <br> t < 1200 ms",
    "count": 34,
    "percentage": 0.06223230955082915
},
    "group3": {
    "name": "t >= 1200 ms",
    "htmlName": "t >= 1200 ms",
    "count": 14394,
    "percentage": 26.346231284548082
},
    "group4": {
    "name": "failed",
    "htmlName": "failed",
    "count": 39979,
    "percentage": 73.17604422154702
},
    "meanNumberOfRequestsPerSecond": {
        "total": 215.94466403162056,
        "ok": 57.92490118577075,
        "ko": 158.0197628458498
    }
}
    }
}

}