{
  "type": "GROUP",
"name": "All Requests",
"path": "",
"pathFormatted": "group_missing-name--1146707516",
"stats": {
    "name": "All Requests",
    "numberOfRequests": {
        "total": 68408,
        "ok": 18693,
        "ko": 49715
    },
    "minResponseTime": {
        "total": 3,
        "ok": 5,
        "ko": 3
    },
    "maxResponseTime": {
        "total": 46817,
        "ok": 46817,
        "ko": 131
    },
    "meanResponseTime": {
        "total": 7146,
        "ok": 26125,
        "ko": 10
    },
    "standardDeviation": {
        "total": 14516,
        "ok": 16596,
        "ko": 7
    },
    "percentiles1": {
        "total": 9,
        "ok": 35270,
        "ko": 7
    },
    "percentiles2": {
        "total": 41,
        "ok": 37278,
        "ko": 9
    },
    "percentiles3": {
        "total": 39345,
        "ok": 44257,
        "ko": 26
    },
    "percentiles4": {
        "total": 44551,
        "ok": 45829,
        "ko": 42
    },
    "group1": {
    "name": "t < 800 ms",
    "htmlName": "t < 800 ms",
    "count": 4290,
    "percentage": 6.271196351303941
},
    "group2": {
    "name": "800 ms <= t < 1200 ms",
    "htmlName": "t >= 800 ms <br> t < 1200 ms",
    "count": 61,
    "percentage": 0.08917085720968308
},
    "group3": {
    "name": "t >= 1200 ms",
    "htmlName": "t >= 1200 ms",
    "count": 14342,
    "percentage": 20.965384165594667
},
    "group4": {
    "name": "failed",
    "htmlName": "failed",
    "count": 49715,
    "percentage": 72.6742486258917
},
    "meanNumberOfRequestsPerSecond": {
        "total": 255.2537313432836,
        "ok": 69.75,
        "ko": 185.5037313432836
    }
},
"contents": {
"req_busca-inva-lida--962372404": {
        "type": "REQUEST",
        "name": "busca inválida",
"path": "busca inválida",
"pathFormatted": "req_busca-inva-lida--962372404",
"stats": {
    "name": "busca inválida",
    "numberOfRequests": {
        "total": 4190,
        "ok": 1339,
        "ko": 2851
    },
    "minResponseTime": {
        "total": 3,
        "ok": 5,
        "ko": 3
    },
    "maxResponseTime": {
        "total": 2058,
        "ok": 2058,
        "ko": 95
    },
    "meanResponseTime": {
        "total": 57,
        "ok": 157,
        "ko": 10
    },
    "standardDeviation": {
        "total": 172,
        "ok": 279,
        "ko": 8
    },
    "percentiles1": {
        "total": 9,
        "ok": 40,
        "ko": 7
    },
    "percentiles2": {
        "total": 18,
        "ok": 211,
        "ko": 9
    },
    "percentiles3": {
        "total": 328,
        "ok": 566,
        "ko": 26
    },
    "percentiles4": {
        "total": 658,
        "ok": 1784,
        "ko": 44
    },
    "group1": {
    "name": "t < 800 ms",
    "htmlName": "t < 800 ms",
    "count": 1307,
    "percentage": 31.19331742243437
},
    "group2": {
    "name": "800 ms <= t < 1200 ms",
    "htmlName": "t >= 800 ms <br> t < 1200 ms",
    "count": 9,
    "percentage": 0.21479713603818618
},
    "group3": {
    "name": "t >= 1200 ms",
    "htmlName": "t >= 1200 ms",
    "count": 23,
    "percentage": 0.548926014319809
},
    "group4": {
    "name": "failed",
    "htmlName": "failed",
    "count": 2851,
    "percentage": 68.04295942720763
},
    "meanNumberOfRequestsPerSecond": {
        "total": 15.634328358208956,
        "ok": 4.996268656716418,
        "ko": 10.638059701492537
    }
}
    },"req_busca-va-lida--519677977": {
        "type": "REQUEST",
        "name": "busca válida",
"path": "busca válida",
"pathFormatted": "req_busca-va-lida--519677977",
"stats": {
    "name": "busca válida",
    "numberOfRequests": {
        "total": 9590,
        "ok": 2818,
        "ko": 6772
    },
    "minResponseTime": {
        "total": 4,
        "ok": 8,
        "ko": 4
    },
    "maxResponseTime": {
        "total": 46771,
        "ok": 46771,
        "ko": 91
    },
    "meanResponseTime": {
        "total": 9380,
        "ok": 31897,
        "ko": 10
    },
    "standardDeviation": {
        "total": 16017,
        "ok": 12449,
        "ko": 8
    },
    "percentiles1": {
        "total": 9,
        "ok": 35684,
        "ko": 7
    },
    "percentiles2": {
        "total": 14994,
        "ok": 39062,
        "ko": 10
    },
    "percentiles3": {
        "total": 41857,
        "ok": 44459,
        "ko": 27
    },
    "percentiles4": {
        "total": 44775,
        "ok": 45908,
        "ko": 43
    },
    "group1": {
    "name": "t < 800 ms",
    "htmlName": "t < 800 ms",
    "count": 153,
    "percentage": 1.5954118873826904
},
    "group2": {
    "name": "800 ms <= t < 1200 ms",
    "htmlName": "t >= 800 ms <br> t < 1200 ms",
    "count": 9,
    "percentage": 0.09384775808133472
},
    "group3": {
    "name": "t >= 1200 ms",
    "htmlName": "t >= 1200 ms",
    "count": 2656,
    "percentage": 27.69551616266945
},
    "group4": {
    "name": "failed",
    "htmlName": "failed",
    "count": 6772,
    "percentage": 70.61522419186653
},
    "meanNumberOfRequestsPerSecond": {
        "total": 35.78358208955224,
        "ok": 10.514925373134329,
        "ko": 25.26865671641791
    }
}
    },"req_criac-a-o-1032362988": {
        "type": "REQUEST",
        "name": "criação",
"path": "criação",
"pathFormatted": "req_criac-a-o-1032362988",
"stats": {
    "name": "criação",
    "numberOfRequests": {
        "total": 54628,
        "ok": 14536,
        "ko": 40092
    },
    "minResponseTime": {
        "total": 3,
        "ok": 6,
        "ko": 3
    },
    "maxResponseTime": {
        "total": 46817,
        "ok": 46817,
        "ko": 131
    },
    "meanResponseTime": {
        "total": 7297,
        "ok": 27398,
        "ko": 10
    },
    "standardDeviation": {
        "total": 14631,
        "ok": 15935,
        "ko": 7
    },
    "percentiles1": {
        "total": 9,
        "ok": 35368,
        "ko": 7
    },
    "percentiles2": {
        "total": 41,
        "ok": 37469,
        "ko": 9
    },
    "percentiles3": {
        "total": 39394,
        "ok": 44289,
        "ko": 25
    },
    "percentiles4": {
        "total": 44556,
        "ok": 45846,
        "ko": 41
    },
    "group1": {
    "name": "t < 800 ms",
    "htmlName": "t < 800 ms",
    "count": 2830,
    "percentage": 5.180493519806693
},
    "group2": {
    "name": "800 ms <= t < 1200 ms",
    "htmlName": "t >= 800 ms <br> t < 1200 ms",
    "count": 43,
    "percentage": 0.07871421249176247
},
    "group3": {
    "name": "t >= 1200 ms",
    "htmlName": "t >= 1200 ms",
    "count": 11663,
    "percentage": 21.349857216079666
},
    "group4": {
    "name": "failed",
    "htmlName": "failed",
    "count": 40092,
    "percentage": 73.39093505162188
},
    "meanNumberOfRequestsPerSecond": {
        "total": 203.83582089552237,
        "ok": 54.23880597014925,
        "ko": 149.59701492537314
    }
}
    }
}

}